{
	"name": "nanogallery",
	"title": "jQuery nanoGALLERY",
	"description": "Image gallery simplified. Touch enabled, fully responsive, justified/cascading/grid layout and it supports cloud storage.",
	"keywords": [
    "image",
    "gallery",
    "portfolio",
    "photo",
    "photoset",
    "slideshow",
    "flickr",
    "googleplus",
    "picasa",
    "effects",
    "swipe",
    "responsive",
    "ui",
    "mobile",
    "ajax",
    "lightbox",
    "cloud",
    "touchscreen"
	],
	"version": "5.1.1",
	"author": {
		"name": "Kris_B",
		"url": "http://www.brisbois.fr"
	},
	"maintainers": [
		{
			"name": "Kris_B",
			"email": "chr@brisbois.fr",
			"url": "http://www.brisbois.fr"
		}
	],
	"licenses": [
		{
			"type": "CC BY-NC 3.0",
			"url": "http://creativecommons.org/licenses/by-nc/3.0/"
		}
	],
	"repository": {
		"type": "git",
		"url": "https://github.com/Kris-B/nanoGALLERY.git"
	},
	"bugs": "https://github.com/Kris-B/nanoGALLERY/issues",
	"homepage": "http://www.nanogallery.brisbois.fr",
	"demo": "http://www.nanogallery.brisbois.fr",
	"dependencies": {
		"jquery": ">=1.7"
	}
}
